{"neg": [[-3.5305367330144737, "dnf"], [-3.2428546605626938, "overuse"], [-2.9915402322817872, "coworkers"], [-2.9915402322817872, "sylvia"], [-2.9915402322817872, "unoriginal"], [-2.8373895524545283, "congratulatory"], [-2.8373895524545283, "faire"], [-2.8373895524545283, "grossed"], [-2.8373895524545283, "letdown"], [-2.8373895524545283, "rebus"], [-2.6550679956605743, "abortions"], [-2.6550679956605743, "amateurish"], [-2.6550679956605743, "anagrams"], [-2.6550679956605743, "astronaut"], [-2.6550679956605743, "beide"], [-2.6550679956605743, "catholics"], [-2.6550679956605743, "concur"], [-2.6550679956605743, "couldnt"], [-2.6550679956605743, "daft"], [-2.6550679956605743, "irgendwie"], [-2.6550679956605743, "mistero"], [-2.6550679956605743, "praiseworthy"], [-2.6550679956605743, "selflessly"], [-2.6550679956605743, "slogged"], [-2.6550679956605743, "storica"], [-2.6550679956605743, "wannabe"], [-2.6550679956605743, "yadda"], [-2.5497074800027484, "jetzt"], [-2.4319244443463646, "aah"], [-2.4319244443463646, "aggrandizing"], [-2.4319244443463646, "aileen"], [-2.4319244443463646, "albatross"], [-2.4319244443463646, "aro"], [-2.4319244443463646, "bekommt"], [-2.4319244443463646, "bleh"], [-2.4319244443463646, "champ"], [-2.4319244443463646, "chided"], [-2.4319244443463646, "clapping"], [-2.4319244443463646, "consensual"], [-2.4319244443463646, "contacted"], [-2.4319244443463646, "crayon"], [-2.4319244443463646, "daran"], [-2.4319244443463646, "daydreaming"], [-2.4319244443463646, "debbie"], [-2.4319244443463646, "deswegen"], [-2.4319244443463646, "dramatische"], [-2.4319244443463646, "ehrlich"], [-2.4319244443463646, "ellipses"], [-2.4319244443463646, "faucet"], [-2.4319244443463646, "ferris"], [-2.4319244443463646, "firenze"], [-2.4319244443463646, "flatmate"], [-2.4319244443463646, "furchtbar"], [-2.4319244443463646, "genug"], [-2.4319244443463646, "glosses"], [-2.4319244443463646, "gustado"], [-2.4319244443463646, "hampstead"], [-2.4319244443463646, "hannity"], [-2.4319244443463646, "hector"], [-2.4319244443463646, "heirlooms"], [-2.4319244443463646, "huff"], [-2.4319244443463646, "inexcusable"], [-2.4319244443463646, "juist"], [-2.4319244443463646, "lehrer"], [-2.4319244443463646, "leider"], [-2.4319244443463646, "moeite"], [-2.4319244443463646, "mormons"], [-2.4319244443463646, "motorcycles"], [-2.4319244443463646, "paragons"], [-2.4319244443463646, "pittore"]], "pos": [[2.5919560764999119, "madame"], [2.5919560764999119, "delightful"], [2.5919560764999119, "bovary"], [2.5378888552296361, "heroines"], [2.3883571212586725, "nazis"], [2.3883571212586725, "congo"], [2.3883571212586725, "coast"], [2.3720966003868922, "extraordinary"], [2.3555672984356821, "vonnegut"], [2.3555672984356821, "terrific"], [2.3555672984356821, "masterfully"], [2.3555672984356821, "ease"], [2.3216657467600008, "infamous"], [2.3216657467600008, "amazingly"], [2.2865744269487305, "samuel"], [2.2865744269487305, "bittersweet"], [2.2502067827778554, "varied"], [2.2502067827778554, "playful"], [2.2502067827778554, "lean"], [2.2502067827778554, "gem"], [2.2502067827778554, "condemned"], [2.2124664547950079, "tim"], [2.2124664547950079, "occupation"], [2.2124664547950079, "housekeeper"], [2.2124664547950079, "hardships"], [2.2124664547950079, "chaucer"], [2.193048368937907, "visited"], [2.1732457416417272, "september"], [2.1732457416417272, "sensibility"], [2.1732457416417272, "preserve"], [2.1530430343242077, "alike"], [2.1324237471214715, "woke"], [2.1324237471214715, "rigid"], [2.1324237471214715, "davies"], [2.0898641327026759, "resonates"], [2.0898641327026759, "levin"], [2.0898641327026759, "imperfect"], [2.0898641327026759, "histories"], [2.0898641327026759, "heartbreak"], [2.0898641327026759, "examines"], [2.0898641327026759, "divide"], [2.0898641327026759, "baldwin"], [2.0898641327026759, "admitted"], [2.0454123701318423, "profiles"], [2.0454123701318423, "joys"], [2.0454123701318423, "intellect"], [2.0454123701318423, "clare"], [2.0454123701318423, "365"], [1.9988923544969488, "wordpress"], [1.9988923544969488, "unfolding"], [1.9988923544969488, "spaces"], [1.9988923544969488, "salem"], [1.9988923544969488, "rivalry"], [1.9988923544969488, "rhys"], [1.9988923544969488, "retain"], [1.9988923544969488, "rereading"], [1.9988923544969488, "norms"], [1.9988923544969488, "imposed"], [1.9988923544969488, "howl"], [1.9988923544969488, "egypt"], [1.9988923544969488, "dresden"], [1.9988923544969488, "accessible"], [1.9747948029178888, "2016"], [1.9501021903275166, "watership"], [1.9501021903275166, "rosaleen"], [1.9501021903275166, "poll"], [1.9501021903275166, "matilda"], [1.9501021903275166, "ishiguro"], [1.9501021903275166, "hazel"], [1.9501021903275166, "germans"]]}